HM_NUMBER,ELEVACE,LAT,LON,Country,prec_1,prec_2,prec_3,prec_4,prec_5,prec_6,prec_7,prec_8,prec_9,prec_10,prec_11,prec_12,tmean_1,tmean_2,tmean_3,tmean_4,tmean_5,tmean_6,tmean_7,tmean_8,tmean_9,tmean_10,tmean_11,tmean_12,tmin_1,tmin_2,tmin_3,tmin_4,tmin_5,tmin_6,tmin_7,tmin_8,tmin_9,tmin_10,tmin_11,tmin_12,tmax_1,tmax_2,tmax_3,tmax_4,tmax_5,tmax_6,tmax_7,tmax_8,tmax_9,tmax_10,tmax_11,tmax_12,bio_1,bio_2,bio_3,bio_4,bio_5,bio_6,bio_7,bio_8,bio_9,bio_10,bio_11,bio_12,bio_13,bio_14,bio_15,bio_16,bio_17,bio_18,bio_19,AWCtS,AWCh1,WWP,BLDFIE,CECSOL,CLYPPT,SLTPPT,SNDPPT,CRFVOL,ORCDRC,pH1,pH2
,,,,,,,,,,,,,,,,,,,,,,,,,,,,,,,,,,,,,,,,,,,,,,,,,,,,,,,,,,,,,,,,,,,,,,,,,,,,,,,,,,,
HM105,0,34.833333,-0.166667,Algeria,40,37,38,30,31,18,5,7,22,31,45,39,70,82,103,131,169,214,261,263,219,163,109,75,28,37,58,80,118,161,203,207,165,117,68,40,112,128,149,183,220,268,320,320,274,210,150,111,155,97,33,6775,320,28,292,84,246,247,75,343,45,5,43,124,30,34,116,42,16,20,1445,16,23,31,46,13,13,76,63
HM074,50,36.65,7.416667,Algeria,111,81,66,53,44,23,4,10,29,62,90,116,87,96,117,138,176,216,249,257,230,185,139,106,39,47,62,80,114,148,176,188,172,130,92,61,135,145,172,196,238,285,323,327,289,241,186,152,166,115,39,5837,327,39,288,110,240,245,96,689,116,4,62,317,37,43,308,47,16,24,1284,23,26,32,42,15,28,67,51
HM087,325,35.632832,-0.8735,Algeria,62,51,44,44,35,13,3,3,17,41,65,70,94,104,119,140,167,204,238,247,217,177,133,104,56,65,81,98,129,165,196,206,177,139,96,66,133,144,157,182,206,243,281,288,258,215,170,142,162,79,34,5211,288,56,232,110,229,234,100,448,70,3,59,197,19,23,183,45,17,21,1337,22,22,30,49,14,21,72,58
HM268,478,35.183333,-0.633333,Algeria,66,51,43,46,34,14,2,3,17,39,56,69,83,100,112,138,166,206,240,246,213,167,120,89,44,57,71,89,118,155,182,190,163,125,84,55,122,143,154,188,214,257,299,302,264,209,157,124,157,92,35,5600,302,44,258,97,230,233,90,440,69,2,60,191,19,22,186,42,16,20,1455,16,25,32,44,7,9,80,66
HM081,516,35.220665,0.120833,Algeria,62,50,45,36,33,13,1,4,17,34,64,70,85,103,120,144,178,220,262,266,231,184,128,95,47,63,80,102,135,175,213,219,186,144,91,62,123,143,160,187,222,265,311,313,277,225,166,129,168,84,31,6217,313,47,266,102,249,253,94,429,70,1,62,196,18,22,182,43,15,22,1440,20,29,34,38,7,12,78,64
HM011,570,35.252167,-0.703167,Algeria,67,55,46,46,35,14,2,3,17,40,60,73,86,101,114,139,167,205,241,247,215,170,124,93,47,59,74,92,121,157,186,194,167,129,87,58,125,144,155,187,213,254,297,300,264,211,161,129,159,89,35,5510,300,47,253,101,231,234,93,458,73,2,60,200,19,22,195,43,15,23,1441,22,28,36,36,8,12,78,65
HM049,860,36.1395,7.944333,Algeria,87,84,77,59,54,23,10,13,37,48,65,85,54,65,88,119,155,201,237,236,205,152,104,64,7,15,29,54,87,123,151,154,136,95,55,18,101,115,147,184,224,280,323,319,275,210,154,111,140,127,40,6479,323,7,316,61,224,226,61,642,87,10,49,256,46,60,256,44,15,24,1415,22,30,35,35,13,16,77,60
HM047,875,36.474998,3.311,Algeria,121,87,82,63,56,26,3,6,35,65,108,123,60,69,91,116,153,196,237,241,206,156,103,68,21,27,47,68,102,142,177,181,156,110,63,30,100,112,136,165,205,251,298,301,257,202,144,107,142,96,34,6365,301,21,280,77,224,228,66,774,123,3,62,352,35,44,331,48,17,25,1261,26,28,37,35,24,31,71,55
HM107,980,34.833333,-1.35,Algeria,72,77,81,59,53,21,6,7,24,42,66,80,62,70,88,113,146,188,238,243,201,152,99,69,13,17,35,51,86,125,165,174,133,96,52,27,111,124,141,175,207,252,311,313,269,209,147,112,139,116,38,6295,313,13,300,73,223,227,67,588,81,6,54,230,34,37,229,45,16,22,1359,22,23,37,41,19,20,75,61
HM104,1000,36.25,2.8,Algeria,105,80,75,52,52,23,2,5,29,54,92,110,71,78,105,130,166,210,251,252,217,164,115,75,33,37,62,85,116,158,194,195,168,120,75,39,109,120,148,176,216,262,309,309,266,209,155,112,153,92,33,6439,309,33,276,87,237,240,74,679,110,2,62,307,30,36,295,45,15,24,1387,25,31,37,33,18,18,75,59
HM004,100,36.923332,7.735833,Algeria,128,91,66,52,39,17,4,7,34,77,107,121,113,118,135,152,184,220,250,258,241,203,160,128,76,78,90,104,136,171,201,209,197,158,119,89,152,159,181,202,232,269,300,307,286,248,203,167,180,90,38,5081,307,76,231,133,242,249,120,741,128,4,67,356,27,44,340,45,16,23,1346,22,27,33,41,12,19,72,56
HM079,100,36.923332,7.735833,Algeria,128,91,66,52,39,17,4,7,34,77,107,121,113,118,135,152,184,220,250,258,241,203,160,128,76,78,90,104,136,171,201,209,197,158,119,89,152,159,181,202,232,269,300,307,286,248,203,167,180,90,38,5081,307,76,231,133,242,249,120,741,128,4,67,356,27,44,340,45,16,23,1346,22,27,33,41,12,19,72,56
HM086,110,35.387333,-0.8405,Algeria,63,60,49,41,32,13,1,2,15,39,68,75,110,120,135,156,183,217,250,257,231,192,149,120,73,81,98,116,147,181,212,220,194,156,113,80,148,160,172,196,219,254,289,296,268,228,185,160,177,76,33,5045,296,73,223,126,242,246,116,456,75,1,64,206,16,18,197,43,14,23,1452,22,31,29,40,10,12,78,66
HM298,288,36.366666,2.466666,Algeria,98,74,72,50,52,18,2,4,29,56,96,110,103,112,132,156,190,232,271,274,244,194,144,112,68,75,94,118,147,188,224,228,203,154,107,79,138,150,171,194,234,277,318,321,285,235,182,146,180,81,32,6025,321,68,253,119,259,263,109,661,110,2,62,304,24,35,282,44,14,25,1420,24,33,35,33,13,14,78,63
HM067,400,36,3,Algeria,78,56,52,39,45,21,3,6,27,39,67,74,55,68,94,123,161,204,247,248,208,156,101,65,15,24,48,73,107,147,183,184,154,108,59,26,96,113,141,173,215,262,312,312,262,205,144,104,144,101,34,6726,312,15,297,73,233,234,62,507,78,3,55,219,30,36,208,44,16,22,1399,18,26,36,39,15,17,76,66
HM055,525,35.215832,-0.9835,Algeria,66,64,55,49,40,16,2,3,17,41,66,77,92,102,117,140,170,207,244,252,220,177,130,100,51,57,75,92,124,159,190,199,170,133,91,59,134,147,160,189,216,256,299,305,270,221,169,142,163,92,36,5509,305,51,254,107,234,238,98,496,77,2,60,209,21,22,207,43,16,21,1433,18,27,32,41,12,15,78,66
HM050,860,36.1395,7.944333,Algeria,87,84,77,59,54,23,10,13,37,48,65,85,54,65,88,119,155,201,237,236,205,152,104,64,7,15,29,54,87,123,151,154,136,95,55,18,101,115,147,184,224,280,323,319,275,210,154,111,140,127,40,6479,323,7,316,61,224,226,61,642,87,10,49,256,46,60,256,44,15,24,1413,23,30,35,34,13,16,77,60
HM116,970,35.535999,1.675667,Algeria,58,47,48,36,43,18,4,5,22,37,54,56,59,68,91,119,161,210,256,256,214,157,102,63,21,27,48,76,112,157,197,200,163,111,61,29,97,109,134,162,210,263,315,313,265,203,143,98,146,92,31,7036,315,21,293,74,240,242,63,429,58,4,50,168,27,31,161,42,15,21,1437,19,25,37,39,11,12,76,63
HM266,1041,36.23,2.88,Algeria,103,80,76,52,53,22,3,6,29,55,97,113,53,64,89,115,154,202,247,246,202,151,96,60,14,21,45,68,103,147,186,185,151,105,56,23,92,106,133,162,206,257,309,307,254,198,137,97,140,96,32,6820,309,14,294,69,231,232,59,691,113,3,62,313,31,37,296,46,15,25,1337,25,29,38,34,20,25,72,58
HM084,1050,35.808998,7.366667,Algeria,52,54,56,42,53,22,12,14,34,38,46,43,47,59,83,112,149,195,228,228,199,145,97,59,0,9,25,46,80,118,143,147,130,87,47,13,94,109,142,178,219,272,313,310,269,204,148,106,133,127,40,6405,313,0,313,63,217,218,55,466,56,12,38,162,48,60,149,44,16,22,1405,18,26,37,37,13,14,76,68
HM294,0,36.75,3.05,Algeria,97,80,73,51,45,17,3,5,37,77,114,125,108,115,129,150,178,212,242,250,230,191,146,118,73,77,90,108,135,169,198,205,191,152,109,83,144,154,169,193,222,255,286,295,269,230,184,153,172,80,36,4968,295,73,222,124,234,240,113,724,125,3,64,336,25,45,302,45,15,22,1372,22,29,28,44,12,21,74,61
HM267,0,35.516667,-0.183333,Algeria,68,49,43,39,30,10,1,3,15,37,65,72,95,110,126,148,178,216,251,258,228,183,136,104,59,73,90,110,141,178,210,219,190,148,101,71,132,147,162,187,216,254,292,297,267,219,171,137,169,74,31,5566,297,59,238,111,241,245,103,432,72,1,65,205,14,19,189,45,16,22,1378,19,27,30,43,17,18,78,64
HM267,125,35.516667,-0.183333,Algeria,68,49,43,39,30,10,1,3,15,37,65,72,95,110,126,148,178,216,251,258,228,183,136,104,59,73,90,110,141,178,210,219,190,148,101,71,132,147,162,187,216,254,292,297,267,219,171,137,169,74,31,5566,297,59,238,111,241,245,103,432,72,1,65,205,14,19,189,45,16,22,1378,19,27,30,43,17,18,78,64
HM297,203,36.42,7.79,Algeria,91,76,68,58,46,25,4,10,31,53,76,93,86,95,116,139,178,223,253,257,227,182,137,100,36,44,58,77,112,148,173,181,163,124,87,52,136,146,175,202,245,298,335,335,292,241,187,148,166,124,41,6004,335,36,299,99,244,245,93,629,93,4,54,260,39,45,259,47,15,25,1299,26,29,34,37,16,31,69,54
HM080,250,36.5,7.404333,Algeria,85,61,56,43,39,24,3,11,25,50,72,94,93,103,125,145,186,232,264,269,238,194,147,116,41,51,66,84,119,157,184,194,176,135,98,67,146,156,184,207,254,308,345,345,300,254,197,165,176,124,40,6058,345,41,304,119,255,257,104,563,94,3,58,251,38,39,240,45,14,25,1400,26,32,35,34,10,14,75,62
HM085,450,35.288166,-0.571333,Algeria,67,54,46,44,33,14,2,3,17,39,61,73,88,104,116,142,169,208,243,248,217,172,126,94,50,63,77,96,125,162,191,199,172,133,90,60,126,145,156,188,213,254,296,299,264,211,162,129,161,85,34,5523,299,50,249,102,233,236,95,453,73,2,61,201,19,22,194,42,15,22,1450,19,27,35,40,7,12,78,65
HM048,580,36.279167,3.566667,Algeria,92,64,59,47,45,24,4,5,29,46,74,86,68,80,104,131,169,213,254,255,221,166,114,77,27,36,58,80,116,157,192,192,170,119,72,36,110,125,151,182,223,270,316,317,274,214,157,119,155,100,34,6577,317,27,291,86,240,243,75,577,92,4,57,252,33,38,242,44,15,24,1407,22,30,39,32,15,16,77,62
HM053,780,36.301666,7.15,Algeria,88,67,57,47,52,25,6,11,30,46,60,80,63,75,97,122,162,203,239,244,218,164,115,80,17,26,42,61,96,131,159,168,153,106,66,34,110,125,153,184,228,275,319,321,283,222,165,126,149,121,39,6287,321,17,304,72,228,233,72,570,88,6,51,235,42,47,235,44,14,24,1407,23,31,36,33,14,14,75,62
HM277,791,34.85,0.15,Algeria,41,36,36,33,30,16,4,8,20,32,45,38,77,89,109,136,174,221,268,267,225,171,118,83,36,45,64,87,124,169,211,213,172,126,78,48,118,133,155,185,225,274,325,322,279,217,159,118,162,95,32,6717,325,36,289,92,252,253,83,339,45,4,44,124,28,32,115,42,17,19,1428,15,21,33,46,12,10,79,72
HM083,1150,35.857334,2.038833,Algeria,87,72,70,53,56,25,7,9,33,51,77,81,43,54,79,105,148,197,237,240,195,143,86,55,5,13,35,61,96,142,175,181,141,97,45,20,82,96,122,150,199,253,299,301,248,190,126,90,132,96,32,6882,301,5,296,61,224,224,50,620,87,7,51,245,41,41,240,44,16,22,1371,22,24,36,40,20,17,74,58
HM082,1150,35.857334,2.038833,Algeria,87,72,70,53,56,25,7,9,33,51,77,81,43,54,79,105,148,197,237,240,195,143,86,55,5,13,35,61,96,142,175,181,141,97,45,20,82,96,122,150,199,253,299,301,248,190,126,90,132,96,32,6882,301,5,296,61,224,224,50,620,87,7,51,245,41,41,240,44,16,22,1366,21,23,36,41,21,18,74,58
HM276,1371,34.783333,-1.35,Algeria,76,83,87,62,55,24,9,10,28,45,72,78,49,59,77,101,137,179,232,236,191,142,88,58,0,6,23,38,75,114,157,165,121,85,40,16,99,113,131,164,199,244,307,307,261,199,136,100,129,118,38,6464,307,0,307,61,215,219,55,629,87,9,52,246,43,47,237,47,18,23,1279,23,23,37,40,24,25,72,56
HM041,350,32.2,20.55,Libya,66,45,21,11,4,1,0,0,4,18,33,66,102,110,134,170,212,224,249,250,236,207,169,121,59,69,84,114,151,169,206,199,187,156,117,80,145,152,184,227,274,279,293,301,285,259,221,163,182,99,40,5263,301,59,242,111,241,245,111,269,66,0,103,177,1,4,177,43,13,26,1436,30,34,33,33,7,12,77,59
HM110,50,31.416667,15.483333,Libya,30,29,12,6,4,0,0,0,7,23,26,37,123,135,160,187,210,243,262,271,258,233,190,144,65,76,97,121,149,180,202,214,202,173,134,89,182,195,223,254,271,307,323,329,315,294,247,200,201,120,45,5035,329,65,264,134,258,263,134,174,37,0,87,96,0,7,96,39,14,9,1518,12,11,10,80,0,4,81,74
HM147,10,31.416667,15.25,Libya,37,29,15,6,4,1,0,0,8,22,28,43,123,135,159,187,209,243,261,271,258,234,189,144,65,74,95,120,146,178,198,211,199,172,132,88,182,196,224,255,272,309,325,331,317,296,247,201,201,123,46,5038,331,65,266,134,258,263,134,193,43,0,86,109,1,8,109,39,12,8,1521,12,12,4,85,0,3,80,73
HM138,360,32.5,20.833333,Libya,102,80,36,14,5,1,0,0,3,28,46,107,103,110,129,161,185,223,235,237,226,202,165,121,62,69,81,105,125,167,191,188,178,151,116,81,145,151,178,217,245,279,280,287,275,253,215,162,175,98,43,4823,287,62,225,111,231,232,111,422,107,0,107,289,1,3,289,45,17,23,1370,24,26,39,36,8,16,82,65
HM159,10,43.146881,2.985033,France,54,51,55,53,52,36,21,39,57,84,57,64,72,81,112,136,169,208,234,230,204,156,112,82,31,36,65,87,120,155,177,176,155,111,71,45,113,126,159,186,219,261,291,285,253,202,154,119,150,95,36,5677,291,31,260,116,224,224,78,623,84,21,28,205,96,96,169,46,18,22,1293,19,21,39,40,11,24,73,62
HM159,10,43.146881,2.985033,France,54,51,55,53,52,36,21,39,57,84,57,64,72,81,112,136,169,208,234,230,204,156,112,82,31,36,65,87,120,155,177,176,155,111,71,45,113,126,159,186,219,261,291,285,253,202,154,119,150,95,36,5677,291,31,260,116,224,224,78,623,84,21,28,205,96,96,169,46,18,22,1300,19,20,41,39,10,21,73,63
HM032,23,43.122215,3.075964,France,55,50,56,53,52,37,21,39,59,86,58,64,71,80,110,135,169,206,233,230,203,156,112,81,30,36,64,86,120,154,177,176,155,111,71,44,113,125,157,185,218,259,289,284,252,202,154,119,149,94,36,5679,289,30,258,116,222,222,77,627,86,21,29,207,96,96,168,46,17,23,1330,21,26,37,38,17,24,74,63
HM292,0,42.766667,2.7,France,48,51,53,59,60,42,26,43,57,85,58,61,69,79,107,131,165,203,231,228,202,154,109,79,31,38,64,85,119,154,179,178,157,113,71,45,108,120,151,178,212,253,283,279,247,196,148,114,146,88,34,5685,283,31,252,114,220,220,75,643,85,26,25,204,111,111,160,47,18,23,1297,20,23,38,38,18,24,72,59
HM126,0,42.084,9.369166,France,58,66,60,47,36,22,9,23,46,83,83,78,88,91,106,127,160,197,225,226,204,167,128,99,58,59,73,94,125,159,185,186,167,134,98,69,118,123,139,161,196,236,265,267,242,200,159,130,152,69,33,4986,267,58,209,131,216,218,92,611,83,9,47,244,54,78,202,44,17,20,1348,17,19,34,47,15,21,71,60
HM109,10,43.146881,2.985033,France,54,51,55,53,52,36,21,39,57,84,57,64,72,81,112,136,169,208,234,230,204,156,112,82,31,36,65,87,120,155,177,176,155,111,71,45,113,126,159,186,219,261,291,285,253,202,154,119,150,95,36,5677,291,31,260,116,224,224,78,623,84,21,28,205,96,96,169,46,18,22,1300,19,20,41,39,10,21,73,63
HM095,60,42.756332,9.450833,France,64,84,74,59,44,32,13,35,55,102,95,89,84,86,100,123,158,194,224,224,201,164,123,94,47,50,64,86,118,151,177,178,158,126,90,59,120,124,137,161,197,239,270,272,245,201,157,130,148,79,34,5106,272,47,225,127,214,216,88,746,102,13,42,286,80,102,238,49,18,23,1200,22,22,34,45,18,50,63,55
HM026,82,42.923611,2.957914,France,51,49,52,54,53,36,21,38,57,86,58,62,72,81,110,135,168,205,233,229,202,156,113,82,32,38,65,87,120,155,179,178,156,113,73,46,112,124,155,183,216,256,287,281,249,200,153,119,149,91,35,5614,287,32,255,117,222,222,78,618,86,21,29,206,96,96,162,47,17,23,1303,19,24,39,37,18,24,73,60
HM015,90,43.136223,2.892065,France,56,53,57,57,57,40,24,42,59,84,59,68,66,75,105,130,163,201,227,224,198,151,106,75,26,31,59,81,114,148,171,170,149,106,66,39,106,119,152,180,213,255,284,279,247,196,147,112,143,94,36,5679,284,26,258,110,217,217,71,654,84,24,26,211,105,105,177,49,17,25,1233,21,28,38,35,15,44,69,52
HM060,100,42.084,9.369166,France,58,66,60,47,36,22,9,23,46,83,83,78,88,91,106,127,160,197,225,226,204,167,128,99,58,59,73,94,125,159,185,186,167,134,98,69,118,123,139,161,196,236,265,267,242,200,159,130,152,69,33,4986,267,58,209,131,216,218,92,611,83,9,47,244,54,78,202,44,17,20,1348,17,19,34,47,15,21,71,60
HM035,148,42.61364,2.750175,France,45,48,53,57,60,44,27,44,59,87,57,59,72,81,108,133,166,203,232,229,202,156,113,83,34,42,67,88,122,156,182,181,160,117,75,49,110,121,150,178,211,251,282,278,245,196,151,117,148,85,34,5588,282,34,247,157,221,221,78,640,87,27,25,203,115,115,152,44,17,20,1380,17,19,38,43,14,17,75,62
HM097,265,43.571014,6.224268,France,65,71,68,57,56,44,19,42,68,91,94,80,60,67,91,116,153,189,213,210,187,143,101,68,19,23,46,71,108,141,162,160,139,99,59,29,101,111,136,162,198,237,265,261,236,188,143,108,133,91,36,5477,265,19,247,104,204,204,65,754,94,19,32,265,104,104,217,48,18,24,1262,22,24,39,37,18,34,72,59
HM033,660,42.581665,9.0595,France,74,84,76,62,52,36,17,35,60,101,103,92,58,56,70,93,128,166,196,199,173,135,95,68,33,29,41,63,97,132,160,162,140,106,69,42,84,83,99,123,161,201,234,235,207,164,122,96,119,61,29,5151,235,29,206,99,187,189,60,789,103,17,39,296,87,111,250,50,18,25,1191,23,26,37,38,20,53,66,56
HM013,4,42.819618,2.944156,France,47,46,48,52,50,33,19,36,55,85,57,58,77,86,114,139,173,211,237,235,209,162,118,89,37,44,70,92,126,161,185,185,163,119,79,52,118,129,159,187,220,261,290,286,255,205,158,126,154,90,35,5632,290,37,253,123,227,227,84,586,85,19,31,200,88,88,151,46,18,22,1337,19,23,38,39,9,17,75,63
HM096,20,42.923668,9.357166,France,68,85,75,62,46,33,13,36,58,107,99,91,87,90,103,126,161,197,226,227,205,167,126,97,50,53,66,89,121,154,181,181,161,129,91,61,124,128,141,164,201,241,273,274,249,206,161,134,151,80,35,5097,274,50,224,130,217,219,91,773,107,13,42,297,82,107,244,52,17,26,1120,27,24,31,45,18,80,62,53
HM094,45,43.375011,5.186682,France,48,55,47,49,42,31,15,32,63,84,66,60,58,69,98,124,164,201,228,223,193,149,100,68,17,24,51,76,114,147,171,169,143,104,59,30,100,115,145,173,214,256,285,278,244,195,142,106,140,96,35,5939,285,17,268,147,217,217,65,593,84,15,35,213,78,78,164,45,17,22,1336,20,24,36,39,16,23,76,61
HM185,200,42.401165,9.503667,France,58,75,66,51,39,27,10,29,49,89,86,83,84,87,101,125,157,196,222,225,201,163,124,94,50,52,66,89,120,154,178,180,161,128,92,62,119,123,137,160,195,237,267,269,243,198,156,128,148,75,33,5068,269,50,219,127,214,216,88,662,89,10,44,258,66,88,216,49,18,23,1210,21,23,32,45,15,42,61,53
HM006,265,43.571014,6.224268,France,65,71,68,57,56,44,19,42,68,91,94,80,60,67,91,116,153,189,213,210,187,143,101,68,19,23,46,71,108,141,162,160,139,99,59,29,101,111,136,162,198,237,265,261,236,188,143,108,133,91,36,5477,265,19,247,104,204,204,65,754,94,19,32,265,104,104,217,48,18,24,1262,22,24,39,37,18,34,72,59
HM034,380,42.970501,9.366834,France,70,85,75,62,48,34,15,38,61,107,101,91,77,79,92,115,150,186,217,218,193,155,115,87,45,46,58,80,113,147,175,176,154,121,84,55,109,112,126,150,187,226,259,260,233,190,146,120,140,72,33,5117,260,45,215,119,207,209,80,788,107,15,41,299,88,114,246,50,18,24,1181,21,23,36,42,19,60,62,53
HM315,59,43.55,7,France,76,78,77,67,58,46,18,39,70,108,123,99,66,73,93,118,154,188,213,211,190,149,107,78,23,28,49,75,112,144,166,163,144,105,64,36,111,118,137,161,196,232,261,259,237,193,151,120,137,89,37,5229,261,23,238,111,203,204,72,860,123,18,39,330,103,127,253,47,17,23,1303,20,27,37,35,19,25,74,64
HM315,59,43.55,7,France,74,75,75,67,60,48,20,41,70,107,118,93,61,68,88,114,150,184,210,208,187,145,102,72,20,25,46,72,108,141,164,161,141,102,60,32,104,112,131,157,192,228,257,255,233,189,144,113,133,87,36,5316,257,20,237,106,201,201,67,847,118,20,37,318,109,131,241,49,17,24,1248,23,26,37,37,22,35,71,58
HM129,410,42.591667,8.908167,France,72,84,75,62,47,32,13,32,57,103,103,92,76,77,91,112,147,184,212,214,190,155,114,86,44,44,57,78,111,145,171,172,151,120,82,54,108,110,125,147,184,224,254,257,230,190,146,119,138,72,33,5015,257,44,213,118,203,205,79,772,103,13,43,298,77,102,248,47,18,21,1248,18,20,30,50,16,34,66,53
HM040,350,38.1,15.65,Italy,115,89,83,56,32,13,15,22,55,112,102,116,112,114,127,151,187,229,256,260,237,198,161,126,81,82,92,113,146,185,213,217,195,160,128,96,143,146,163,189,229,273,299,303,279,236,195,157,180,75,33,5331,303,81,222,133,248,251,117,810,116,13,57,333,50,92,320,46,16,24,1343,24,29,35,36,13,26,74,61
HM111,50,41.3,17.783333,Italy,64,64,67,43,42,33,25,33,47,69,75,70,65,71,88,116,159,201,227,228,195,151,113,80,30,33,48,72,110,147,171,171,145,110,74,46,101,109,129,161,209,255,283,285,246,193,152,115,142,90,35,5805,285,30,255,114,218,218,72,633,75,25,31,214,91,91,197,46,16,25,1337,26,28,46,28,11,19,76,61
HM301,895,37.916667,13.95,Italy,66,53,48,39,26,10,9,17,39,74,69,68,60,62,76,103,149,193,224,225,194,146,108,76,38,36,48,71,111,152,181,184,158,118,83,55,82,88,105,135,187,235,267,267,230,175,133,97,135,64,27,5976,267,36,231,110,214,214,66,518,74,9,51,211,36,65,167,49,17,25,1221,25,26,36,38,19,34,66,51
HM264,0,38.133333,13.383333,Italy,82,69,57,47,20,9,3,14,39,85,84,88,123,123,134,155,192,229,259,264,239,202,166,136,96,94,103,121,154,193,222,229,207,171,138,110,150,152,166,190,230,265,296,299,272,233,195,163,185,64,31,5071,299,94,205,168,250,254,126,597,88,3,62,257,26,56,208,47,16,24,1316,22,29,35,36,11,22,75,61
HM010,290,37.533333,14.516667,Italy,63,48,41,34,20,7,6,13,34,85,62,66,95,99,112,134,173,214,242,248,222,182,143,110,61,62,73,93,128,168,194,201,179,143,107,77,130,136,151,175,219,261,291,295,266,221,179,144,165,82,35,5428,295,61,234,145,234,237,101,479,85,6,61,213,26,53,177,46,14,26,1383,29,37,35,28,13,17,77,62
HM018,168,34.983333,-2.3,Morocco,46,42,33,45,30,8,1,2,20,30,31,46,113,122,139,160,185,219,253,261,236,199,158,130,67,73,92,111,138,170,200,209,185,148,112,75,160,172,186,210,233,269,306,313,287,250,204,185,181,100,40,4986,313,67,246,121,244,250,121,334,46,1,57,134,11,23,134,44,15,21,1401,23,25,27,48,8,19,74,63
HM012,300,32.166667,-8.833333,Morocco,46,44,43,37,20,6,1,1,7,35,51,54,107,120,139,158,186,217,243,252,227,192,149,119,57,68,87,106,134,165,184,194,172,141,99,70,158,172,191,210,239,270,303,310,282,244,199,169,176,106,41,4871,310,57,253,125,237,240,115,345,54,1,67,151,8,9,144,43,14,23,1454,23,32,29,39,9,11,78,63
HM017,300,30.716667,-9.666667,Morocco,48,39,35,25,8,3,0,0,6,23,46,53,120,128,147,160,172,189,206,209,202,185,159,128,64,74,97,114,130,150,164,168,159,138,110,76,177,183,197,206,214,229,248,251,245,232,208,181,167,94,50,3042,251,64,187,135,201,205,125,286,53,0,80,147,3,6,140,41,15,19,1467,16,24,29,48,19,10,77,63
HM071,300,29.716667,-9.6,Morocco,29,20,19,15,4,2,0,0,6,13,27,30,141,146,164,183,199,213,253,256,234,216,169,148,83,88,110,132,153,169,207,212,189,166,117,93,200,205,219,235,246,258,299,301,280,267,221,203,194,101,46,3944,301,83,218,152,240,247,145,165,30,0,77,86,2,6,79,41,16,17,1489,14,23,21,57,14,4,82,72
HM071,300,29.716667,-9.6,Morocco,29,20,19,15,4,2,0,0,6,13,27,30,141,146,164,183,199,213,253,256,234,216,169,148,83,88,110,132,153,169,207,212,189,166,117,93,200,205,219,235,246,258,299,301,280,267,221,203,194,101,46,3944,301,83,218,152,240,247,145,165,30,0,77,86,2,6,79,41,16,17,1485,15,24,23,54,12,4,82,71
HM308,322,33.75,-6.65,Morocco,66,65,70,52,24,6,0,1,9,45,66,86,106,116,137,155,180,214,243,251,227,193,146,117,52,58,76,92,117,150,173,181,161,130,90,63,161,175,198,218,244,279,314,321,294,257,202,171,174,124,46,4937,321,52,269,123,236,240,113,490,86,0,73,218,7,10,217,44,15,23,1379,22,28,28,44,14,22,71,59
HM046,710,33.083333,-6.666667,Morocco,61,55,62,50,24,7,2,3,12,39,54,69,94,101,120,145,179,222,269,269,238,190,125,100,28,32,48,68,99,137,173,176,153,114,60,37,160,171,193,222,259,307,365,362,323,267,190,164,171,155,45,6324,365,28,337,98,253,258,98,438,69,2,66,185,12,17,185,43,13,24,1454,24,34,32,34,10,15,76,61
HM309,281,33.56,-7.1,Morocco,66,60,58,43,21,4,1,1,9,37,58,82,111,122,139,156,180,211,239,243,224,194,152,122,54,60,76,90,116,147,170,175,158,128,94,65,169,184,203,223,245,276,308,312,291,261,210,179,174,127,49,4543,312,54,258,118,231,235,118,441,82,1,74,208,6,11,208,42,12,25,1478,26,38,30,33,9,15,76,61
HM305,434,34.23,-3.55,Morocco,30,38,35,44,29,11,3,3,15,26,28,36,94,111,136,159,195,236,272,280,243,192,138,108,42,57,82,101,135,173,201,212,179,137,86,60,147,165,191,217,255,300,344,348,307,248,191,156,180,117,38,6279,348,42,306,135,262,265,104,298,44,3,52,117,17,21,104,39,16,17,1523,12,21,29,51,7,7,80,74
HM299,453,33.82,-6.08,Morocco,70,70,75,57,32,10,1,2,12,51,80,92,101,112,135,154,183,223,257,263,233,194,141,111,48,54,74,91,115,150,175,182,160,128,85,58,155,171,196,218,252,296,340,344,307,261,198,165,176,132,44,5573,344,48,296,118,247,251,108,553,92,1,68,242,13,15,233,42,14,22,1469,21,27,32,42,9,12,77,60
HM070,600,33,-6,Morocco,83,95,98,81,44,17,4,6,18,62,96,110,67,80,105,129,162,207,248,247,214,165,108,77,1,11,34,55,83,121,149,152,129,91,43,14,133,149,176,204,241,293,347,343,299,239,173,140,151,155,44,6329,347,1,346,84,234,236,74,714,110,4,63,289,27,28,288,46,16,22,1330,21,24,33,44,24,21,71,59
HM303,0,32.04,-8.49,Morocco,38,39,38,34,21,6,1,1,8,31,40,45,107,121,144,165,195,227,258,264,234,197,150,119,52,64,85,105,133,164,186,194,170,139,96,65,163,179,203,225,257,291,331,334,299,256,205,173,182,122,43,5308,334,52,282,125,249,252,115,300,45,1,63,123,8,10,122,41,13,22,1499,19,30,28,41,6,8,78,65
HM291,0,31.137487,-7.919775,Morocco,65,63,77,73,40,17,4,5,23,49,72,74,34,49,74,100,132,171,210,211,176,125,76,40,-40,-24,1,22,51,83,114,122,94,54,9,-25,109,122,148,179,214,260,306,301,259,197,143,106,117,157,45,6160,306,-40,346,66,197,199,41,563,77,4,56,213,27,32,202,46,17,22,1321,22,23,34,44,27,22,74,63
HM304,1141,33.166666,-5.566666,Morocco,76,91,91,81,48,20,5,7,23,67,99,109,66,77,103,127,156,202,240,242,206,160,106,75,2,10,34,57,81,120,145,150,124,90,43,16,131,144,172,198,231,284,336,335,289,230,170,135,147,149,44,6130,336,2,334,82,228,229,72,717,109,5,60,284,32,35,276,43,16,22,1422,20,25,35,40,13,12,78,69
HM279,7,34.5,-6.35,Morocco,76,69,66,49,27,7,0,1,9,53,95,114,125,135,156,179,200,234,264,269,245,209,166,137,77,83,103,128,145,179,206,210,188,152,114,88,174,188,210,230,256,290,322,329,303,266,219,186,193,108,42,4910,329,77,252,142,255,259,132,566,114,0,77,285,8,10,259,45,14,25,1407,25,36,32,33,5,14,75,59
HM271,21,35.48,-6.03,Morocco,112,105,87,50,28,8,0,3,14,50,89,127,120,127,146,163,181,219,231,230,222,194,164,135,74,78,99,119,130,164,174,172,164,142,115,89,166,176,193,207,232,274,290,289,282,247,214,181,178,103,47,3945,290,74,216,127,226,227,127,673,127,0,78,343,11,17,343,46,16,22,1318,22,25,26,50,8,30,70,59
HM201,250,34.083333,-5,Morocco,61,72,76,65,37,15,1,2,12,47,71,81,103,117,143,167,196,237,276,277,244,195,149,113,47,58,84,104,127,160,187,191,168,133,91,62,160,176,202,231,265,315,365,363,320,258,207,165,185,135,42,5991,365,47,318,111,265,265,111,540,81,1,63,214,15,15,214,43,14,25,1450,25,31,41,28,12,14,78,61
HM155,400,31.833333,-6.933333,Morocco,44,51,66,59,28,10,2,3,11,36,54,59,94,109,136,162,191,229,263,264,231,187,137,99,20,34,59,80,103,136,161,167,143,109,68,30,168,184,214,245,279,323,366,362,319,265,206,169,175,166,47,5912,366,20,346,135,252,252,100,423,66,2,63,176,15,16,154,42,15,22,1448,21,27,30,43,20,13,78,65
HM260,885,33.05,-6.7,Morocco,61,55,62,51,24,8,2,4,13,39,54,69,92,100,119,142,177,218,267,268,237,189,121,99,25,30,46,64,96,133,170,174,151,112,56,35,159,170,192,220,258,304,364,362,323,266,187,163,169,156,46,6326,364,25,339,97,251,257,97,442,69,2,65,185,14,19,185,42,13,24,1460,23,31,33,36,10,13,74,62
HM063,100,37.153,-7.725667,Portugal,82,60,53,39,26,13,1,1,17,60,76,82,111,120,134,149,179,208,234,237,220,186,147,120,72,81,90,104,133,158,179,182,170,141,105,81,151,160,178,195,225,258,290,292,270,231,189,159,170,92,41,4434,292,72,220,126,226,230,117,509,82,1,68,239,15,19,223,44,16,21,1347,20,21,32,47,16,20,68,59
HM065,60,37.074665,-8.8,Portugal,75,67,44,35,19,12,0,2,14,51,79,73,124,128,138,151,171,196,215,218,207,185,153,129,87,89,100,110,127,150,164,168,163,146,116,92,161,167,176,193,215,242,267,269,252,224,190,167,168,84,46,3389,269,87,182,135,209,213,127,471,79,0,71,227,14,16,215,49,17,23,1240,22,26,33,42,13,29,70,57
HM068,75,37.15,-7.55,Portugal,79,61,56,41,29,14,1,2,19,61,77,81,106,115,130,147,180,208,236,239,220,183,142,114,68,76,87,101,134,156,178,182,168,137,100,76,145,155,173,194,226,261,294,296,272,229,184,152,168,93,40,4690,296,68,228,120,227,231,111,519,81,1,65,236,17,22,220,44,16,21,1371,17,20,32,48,23,17,63,57
HM056,150,41.120834,0.988,Spain,30,27,42,46,56,45,17,40,73,79,49,51,83,97,119,140,172,209,237,239,216,164,119,103,48,54,74,95,127,165,192,194,173,130,85,59,119,140,164,186,217,254,282,284,260,199,153,147,158,84,35,5380,284,48,236,166,99,230,94,556,79,17,36,201,100,129,108,45,17,21,1355,19,20,35,45,16,16,75,65
HM089,100,37.534168,-5.9635,Spain,74,70,65,52,34,14,1,3,18,68,84,81,102,117,142,167,199,243,278,277,246,194,143,108,56,66,89,107,137,170,194,196,175,136,96,64,148,168,195,228,262,316,362,358,317,253,191,152,185,122,39,6169,362,56,306,117,265,266,109,564,84,1,62,239,18,22,225,44,15,24,1397,23,32,33,35,9,16,77,64
HM031,200,37.528999,-5.023167,Spain,83,75,83,56,42,12,2,3,19,73,84,94,96,110,134,161,192,238,272,271,238,187,137,102,52,60,82,104,131,169,195,195,174,132,90,59,141,160,187,218,254,307,349,347,303,242,184,145,178,116,39,6188,349,52,297,111,260,260,102,625,94,2,63,261,17,20,252,44,14,25,1427,24,35,35,30,10,16,76,62
HM092,20,37.332832,-6.761333,Spain,61,54,59,40,29,11,1,2,21,61,75,69,108,120,140,162,204,225,252,256,232,192,147,115,73,84,102,116,163,176,201,207,185,147,105,81,143,157,179,209,245,274,303,306,280,237,189,150,179,86,36,5200,306,73,233,151,244,246,114,483,75,1,62,205,14,24,184,42,14,22,1442,20,25,32,43,9,13,70,59
HM064,40,37.205833,-8.4875,Portugal,81,66,47,38,22,13,1,2,15,55,78,79,118,123,135,152,173,204,230,233,215,186,149,123,79,83,95,108,127,154,174,178,167,144,110,85,157,163,176,196,220,255,286,289,264,228,188,162,170,90,43,4097,289,79,209,130,222,225,121,496,81,1,69,238,16,18,225,46,16,21,1320,20,22,30,48,15,25,65,56
HM189,230,37.189499,-8.081,Portugal,88,64,52,40,25,14,1,2,16,59,78,85,111,119,130,146,171,203,231,232,216,182,144,119,71,78,86,101,123,151,173,175,165,138,103,79,152,160,175,192,219,255,289,290,267,227,186,159,167,94,42,4305,290,71,219,124,221,226,116,524,88,1,69,251,17,19,237,46,16,23,1325,22,24,36,40,19,25,69,59
HM003,350,38.076168,-3.8155,Spain,55,58,73,55,42,14,3,4,23,49,50,61,83,100,128,153,186,239,280,273,237,178,127,91,44,53,76,96,126,169,205,202,174,125,83,52,123,147,180,211,246,310,355,345,300,232,172,131,173,112,36,6753,355,44,311,104,264,264,91,486,73,3,55,185,21,21,174,44,15,23,1422,20,29,39,34,16,16,76,61
HM179,650,37.244499,-4.314833,Spain,76,70,68,55,39,14,4,5,19,57,81,78,80,95,118,139,173,220,253,253,216,167,118,87,38,48,69,86,115,155,183,185,156,116,73,47,124,142,168,193,230,285,325,322,277,219,164,128,160,108,37,6072,325,38,287,95,242,242,87,567,81,4,59,235,22,22,224,46,17,23,1318,20,27,36,36,23,29,75,59
HM090,880,36.989166,-4.284667,Spain,83,75,73,60,42,15,5,7,21,57,86,83,68,79,101,122,154,202,237,237,200,151,104,74,22,31,51,68,97,136,163,166,137,99,58,34,113,128,151,175,213,268,311,308,263,204,151,115,144,112,38,5972,311,22,288,82,225,225,73,609,86,5,59,252,27,27,242,46,16,24,1322,22,26,37,38,18,22,72,58
HM120,850,36.985668,-2.914333,Spain,52,45,51,54,39,14,6,9,22,44,47,54,66,75,96,118,149,197,236,235,202,150,106,74,20,25,47,65,94,133,165,168,140,98,59,34,112,125,146,171,204,261,307,303,264,203,153,115,142,110,38,5996,307,20,287,82,222,224,71,439,54,6,47,153,30,37,151,45,17,22,1373,20,24,36,41,16,17,78,65
HM091,10,36.387665,-6.112667,Spain,81,80,95,52,33,10,1,3,20,76,94,115,115,123,142,159,185,214,238,242,227,191,151,124,83,90,109,124,147,177,199,207,190,155,117,91,148,157,176,195,223,252,277,278,265,228,186,157,176,71,36,4446,278,83,194,130,231,235,121,661,115,1,70,291,14,24,276,44,16,20,1376,19,22,29,49,6,20,71,56
HM306,166,38.483333,-8.983333,Portugal,95,86,64,51,38,19,3,4,22,69,97,97,117,124,139,155,177,205,228,230,219,188,148,123,85,90,100,114,131,156,173,175,169,147,114,92,150,159,178,196,223,254,283,286,269,229,182,154,171,85,42,4057,286,85,201,129,221,225,121,645,97,3,64,289,26,29,278,49,17,24,1215,27,24,32,44,15,37,66,56
HM270,12,37.216667,-7.433333,Portugal,71,55,53,38,26,12,1,1,18,59,73,75,114,124,139,156,191,214,241,245,226,190,150,121,77,86,98,111,148,166,189,193,178,146,108,85,151,162,180,202,234,263,293,297,274,235,192,158,176,88,40,4598,297,77,220,128,233,237,119,482,75,1,65,219,14,20,201,48,16,24,1272,26,28,31,42,7,39,71,62
HM038,30,37.193001,-8.8865,Portugal,76,69,46,37,21,13,1,3,14,53,81,74,122,126,135,150,168,193,211,215,206,183,150,128,86,88,98,109,124,146,159,164,161,144,114,91,159,165,173,191,212,239,263,266,251,223,187,165,166,84,46,3341,266,86,180,133,206,210,125,487,81,1,70,230,17,18,219,46,17,20,1304,20,20,29,51,11,24,64,55
HM098,100,37.153,-7.725667,Portugal,82,60,53,39,26,13,1,1,17,60,76,82,111,120,134,149,179,208,234,237,220,186,147,120,72,81,90,104,133,158,179,182,170,141,105,81,151,160,178,195,225,258,290,292,270,231,189,159,170,92,41,4434,292,72,220,126,226,230,117,509,82,1,68,239,15,19,223,44,16,21,1347,20,21,32,47,16,20,68,59
HM175,650,37.104,-4.2315,Spain,78,70,67,57,40,14,5,6,20,56,82,78,71,84,107,127,161,209,243,244,206,157,109,78,27,37,58,74,103,143,170,173,144,105,63,37,116,133,157,182,219,276,317,314,269,209,155,119,150,111,38,6064,317,27,291,85,232,232,77,574,82,5,58,237,26,26,226,45,17,22,1340,19,24,37,40,21,20,74,60
HM058,880,36.989166,-4.284667,Spain,83,75,73,60,42,15,5,7,21,57,86,83,68,79,101,122,154,202,237,237,200,151,104,74,22,31,51,68,97,136,163,166,137,99,58,34,113,128,151,175,213,268,311,308,263,204,151,115,144,112,38,5972,311,22,288,82,225,225,73,609,86,5,59,252,27,27,242,46,16,24,1322,22,26,37,38,18,22,72,58
HM118,2,36.432636,-5.13453,Spain,99,85,71,51,29,10,1,3,16,59,109,116,126,128,144,159,185,213,239,244,225,192,155,132,85,86,103,117,140,169,193,198,182,151,114,93,167,171,185,202,230,258,286,291,269,233,196,172,179,86,41,4193,291,85,206,137,232,236,128,649,116,1,73,324,14,20,300,44,16,21,1389,21,23,31,46,13,19,75,61
HM173,200,36.428833,-5.7025,Spain,106,103,104,64,33,12,1,3,19,75,120,131,114,121,139,155,180,210,234,239,221,186,145,119,77,82,101,117,140,169,192,199,182,148,107,83,151,160,177,194,220,250,277,280,260,224,183,155,172,78,38,4411,280,77,204,126,227,231,118,771,131,1,72,356,16,23,340,46,16,24,1330,23,28,34,38,13,20,72,62
HM191,9,38.733333,-9.133333,Portugal,106,98,75,56,43,21,4,5,24,74,109,108,112,120,134,150,173,200,223,227,213,183,142,118,81,88,97,111,129,154,171,175,166,144,110,89,144,153,172,190,218,246,275,279,261,223,175,147,166,81,40,4069,279,81,198,124,216,221,116,723,109,4,63,323,30,33,312,44,16,22,1388,19,26,31,43,15,17,72,60
HM093,70,37.391335,-6.232833,Spain,71,66,64,49,32,14,1,3,19,67,83,78,102,117,141,165,199,236,268,270,242,193,145,111,60,71,93,110,144,171,195,200,179,140,100,70,145,164,190,221,254,301,342,340,305,247,190,152,182,110,39,5850,342,60,282,119,258,260,110,547,83,1,63,232,18,23,215,43,16,21,1406,20,22,33,45,11,17,72,60
HM176,650,37.104,-4.2315,Spain,78,70,67,57,40,14,5,6,20,56,82,78,71,84,107,127,161,209,243,244,206,157,109,78,27,37,58,74,103,143,170,173,144,105,63,37,116,133,157,182,219,276,317,314,269,209,155,119,150,111,38,6064,317,27,291,85,232,232,77,574,82,5,58,237,26,26,226,45,17,22,1340,19,24,37,40,21,20,74,60
HM177,550,37.060333,-4.6255,Spain,86,79,74,53,37,13,3,4,19,63,94,93,93,104,125,145,176,219,251,252,221,175,129,99,50,58,78,95,122,161,187,190,165,127,85,59,137,150,172,196,231,278,315,315,277,223,173,140,166,103,38,5617,315,50,265,107,240,241,98,618,94,3,64,273,20,26,258,43,14,24,1422,24,28,40,32,9,14,75,62
HM181,40,37.283669,-7.121667,Spain,64,53,56,38,27,11,1,1,20,59,74,71,109,120,139,158,199,217,243,248,227,190,147,117,75,85,101,114,160,171,196,201,182,147,106,83,144,156,177,203,238,264,291,296,273,234,189,152,176,83,37,4851,296,75,221,124,236,239,115,476,74,1,64,209,13,22,188,42,16,19,1404,19,21,29,51,9,20,71,59
HM001,485,35.016667,37.1,Syria,53,45,36,29,14,2,0,0,1,11,26,48,62,78,110,151,202,247,265,268,238,189,123,77,13,24,47,80,122,161,181,182,152,109,56,28,111,132,173,222,283,333,350,355,324,270,191,126,168,143,41,7385,355,13,342,72,257,260,72,265,53,0,83,146,1,2,146,43,13,25,1458,27,32,39,29,2,10,80,67
HM150,458,35.016667,37.083333,Syria,54,45,37,29,14,2,0,0,1,11,26,48,63,78,111,150,204,246,267,269,237,191,124,77,14,24,48,79,123,160,183,182,151,110,57,29,112,133,174,222,285,333,351,356,324,272,192,126,168,143,41,7393,356,14,342,72,257,260,72,267,54,0,84,147,1,2,147,43,14,25,1470,25,35,41,25,1,8,80,67
HM042,0,41.033333,28.95,Turkey,99,67,68,49,32,30,23,32,46,71,89,120,61,60,74,118,163,208,234,233,202,160,119,84,34,32,41,77,120,162,190,192,160,124,87,57,88,89,108,159,207,255,278,275,244,197,152,112,143,74,30,6313,278,32,246,88,201,225,65,726,120,23,48,308,85,85,234,46,16,24,1336,24,29,35,36,13,24,74,65
HM145,100,37.883333,28.5,Turkey,114,88,63,44,31,17,7,4,16,39,73,133,79,91,115,158,205,249,278,272,234,183,133,95,36,45,60,95,134,175,204,198,158,115,76,51,122,138,171,221,276,324,353,347,311,251,190,140,174,125,39,6968,353,36,317,88,261,266,88,629,133,4,77,335,27,28,335,44,16,23,1385,22,24,40,36,7,21,73,61
HM062,20,40.159168,23.732166,Greece,59,44,49,31,37,29,21,15,25,45,61,67,59,69,91,134,182,225,253,250,214,166,121,80,24,28,49,86,131,172,198,195,163,121,84,45,95,111,134,183,234,279,308,306,265,212,158,116,154,92,32,6816,308,24,285,86,239,243,69,482,67,15,39,186,61,65,169,47,17,23,1277,23,23,34,43,17,28,71,57
HM314,91,38,23.733333,Greece,53,45,46,28,20,9,5,5,13,52,59,69,94,101,115,155,202,246,276,277,238,192,149,112,62,66,77,110,154,196,223,224,189,150,115,80,127,136,153,200,250,297,330,330,288,235,183,144,180,86,32,6522,330,62,268,118,266,266,102,404,69,5,65,181,19,19,167,45,16,23,1382,24,25,34,41,16,15,78,67
HM037,20,39.986668,23.931499,Greece,66,48,51,31,34,27,19,13,25,46,62,71,63,71,90,132,179,222,249,247,211,166,121,83,29,32,50,86,130,171,197,194,163,123,86,49,97,111,131,179,228,274,302,300,260,209,157,118,153,88,32,6594,302,29,273,89,235,239,72,493,71,13,44,199,57,59,185,48,18,24,1233,23,22,35,42,17,43,68,55
HM036,80,37.640667,23.142,Greece,73,58,55,34,22,10,5,6,18,63,79,93,95,101,116,153,196,240,267,267,233,189,149,112,60,63,75,107,146,185,210,209,180,144,110,78,131,140,158,199,247,295,325,324,287,235,188,147,177,93,34,6178,325,60,266,118,258,258,102,514,93,5,67,244,21,21,223,47,17,23,1295,25,24,33,44,17,28,74,57
HM061,250,36.915165,22.5,Greece,112,84,71,43,24,8,6,7,23,80,114,135,88,92,106,135,175,216,240,241,214,174,139,105,53,55,67,93,127,162,186,187,163,130,100,71,123,129,146,178,224,270,295,295,266,218,178,139,160,89,36,5499,295,53,242,110,232,232,95,706,135,6,75,361,21,21,331,46,18,21,1293,20,19,36,45,19,24,70,54
HM134,212,37.55,25.133333,Greece,81,61,51,22,13,4,2,1,9,41,55,82,112,112,126,158,194,231,254,252,227,198,162,131,88,86,97,124,158,197,224,221,198,167,135,107,136,139,155,192,230,265,284,283,258,230,189,156,180,60,30,5114,284,86,198,118,245,245,116,422,82,1,82,224,7,7,193,45,16,23,1355,22,24,34,43,14,24,72,58
HM289,1099,35.25,24.75,Greece,212,142,132,60,37,18,10,7,21,92,112,185,20,21,35,69,109,152,171,172,146,107,71,38,-7,-7,3,30,64,105,126,130,104,72,41,11,48,49,68,108,154,199,216,215,188,143,101,65,93,74,33,5555,216,-7,223,26,165,165,25,1028,212,7,79,539,35,35,486,49,15,26,1248,28,28,35,37,19,60,66,56
HM066,150,32.683333,35.4,Israel,126,89,62,18,6,0,0,0,1,12,59,99,124,129,145,182,233,258,276,279,263,238,198,144,83,84,93,121,167,196,220,225,208,180,145,102,165,175,197,244,299,321,332,334,319,297,252,187,206,108,43,5686,334,83,251,132,271,272,132,472,126,0,109,314,0,1,314,45,15,25,1388,27,32,36,33,16,21,78,60
HM039,250,32,35,Israel,143,101,71,18,4,0,0,0,0,14,77,125,123,126,143,175,216,238,255,260,248,226,189,142,76,76,87,113,150,176,197,204,190,163,132,93,170,177,200,237,282,301,314,317,306,289,246,192,195,115,47,4982,317,76,241,130,251,254,130,553,143,0,110,369,0,0,369,43,14,24,1438,28,29,35,36,15,16,80,62
HM135,-126,32.8,35.533333,Israel,102,74,52,21,5,0,0,0,1,11,51,87,135,144,165,200,241,273,291,294,280,247,201,151,89,91,106,134,170,203,226,230,216,184,143,105,181,198,225,267,313,344,357,359,345,310,260,197,219,122,45,5746,359,89,270,143,286,288,143,404,102,0,107,263,0,1,263,47,14,27,1330,30,35,33,32,16,22,75,63
HM044,850,32.316667,35.75,Jordan,111,102,78,22,6,0,0,0,0,10,48,89,77,87,108,151,198,226,241,245,227,198,149,98,40,47,62,96,137,166,185,191,170,142,99,60,115,128,155,206,259,287,298,300,285,255,199,136,167,102,39,6047,300,40,260,87,237,237,87,466,111,0,109,302,0,0,302,44,14,26,1410,29,34,35,32,19,18,77,59
HM099,15,35,33,Cyprus,172,112,92,40,31,13,5,5,12,45,63,172,68,70,92,129,172,217,244,247,212,171,128,86,30,27,45,75,114,155,180,184,152,117,81,47,106,114,139,184,231,280,308,311,273,226,176,126,153,106,37,6384,311,27,284,74,234,236,74,762,172,5,91,456,22,23,456,47,18,21,1272,23,18,31,53,29,41,69,51
HM049,860,36.1395,7.944333,Cyprus,87,84,77,59,54,23,10,13,37,48,65,85,54,65,88,119,155,201,237,236,205,152,104,64,7,15,29,54,87,123,151,154,136,95,55,18,101,115,147,184,224,280,323,319,275,210,154,111,140,127,40,6479,323,7,316,61,224,226,61,642,87,10,49,256,46,60,256,44,15,24,1413,23,30,35,34,13,16,77,60
HM002,550,34.783333,33.166667,Cyprus,108,72,57,24,17,6,1,1,6,32,46,122,98,102,123,155,195,236,255,257,232,201,157,116,55,55,71,96,133,171,191,194,169,143,105,71,142,150,175,214,258,301,320,321,295,260,210,161,177,113,42,5721,321,55,266,105,249,249,105,492,122,1,94,302,8,8,302,44,16,21,1366,24,20,32,49,22,20,75,55
HM112,500,34.654285,32.967304,Cyprus,96,72,47,19,7,2,0,0,2,26,50,105,120,121,135,162,197,234,250,257,236,210,174,138,74,71,82,104,139,174,192,196,175,152,120,89,167,171,189,220,255,293,309,318,298,268,228,187,186,111,44,4895,318,71,247,126,246,247,125,426,105,0,102,273,2,2,215,43,15,22,1407,23,25,35,40,7,19,76,52
HM199,18,34.666667,33.083333,Cyprus,153,101,81,37,28,12,3,3,10,42,58,158,77,82,102,137,179,222,246,249,219,180,138,98,38,37,53,82,120,160,183,187,157,125,89,56,118,127,151,194,238,285,310,312,281,236,188,139,161,108,39,6104,312,37,276,85,237,239,85,686,158,3,91,412,17,19,412,45,17,20,1331,23,17,29,55,26,25,71,53
HM076,489,36.416667,9.25,Tunisia,70,65,55,44,33,21,6,9,36,48,50,69,88,94,119,150,187,237,268,267,236,188,141,100,41,42,62,87,119,162,183,186,164,129,87,53,135,147,177,213,256,312,354,349,308,248,195,148,173,127,40,6430,354,41,313,94,257,257,94,506,70,6,49,204,36,36,204,43,14,24,1430,21,31,36,33,13,15,76,60
HM043,750,35.566667,8.666667,Tunisia,44,44,52,48,45,30,13,20,39,37,43,48,56,68,94,128,170,219,258,248,216,161,110,70,10,17,35,61,100,140,171,164,144,104,59,24,102,119,154,196,241,298,346,332,288,219,161,117,150,129,38,6957,346,10,336,130,241,241,64,463,52,13,29,145,63,63,136,44,16,22,1398,18,25,40,36,14,13,76,69
HM069,150,36.216667,10.283333,Tunisia,58,62,51,37,21,15,5,11,36,49,42,69,98,103,125,152,188,229,263,264,240,194,146,109,51,52,72,96,127,166,191,196,179,141,94,62,146,155,178,208,250,293,335,332,301,248,199,157,176,115,40,5963,335,51,284,103,252,255,103,456,69,5,52,189,31,52,189,44,16,21,1408,17,28,30,43,12,13,79,70
HM073,380,35.75,8.516667,Tunisia,40,38,43,40,39,26,10,16,35,35,38,40,72,82,109,140,183,232,269,262,229,175,124,84,24,30,47,72,112,152,180,177,156,116,72,36,120,135,171,209,254,313,359,348,302,234,176,132,163,132,39,6877,359,24,335,144,254,254,79,400,43,10,29,122,52,52,118,43,16,22,1414,17,26,36,38,9,11,79,76
HM108,380,35.75,8.516667,Tunisia,40,38,43,40,39,26,10,16,35,35,38,40,72,82,109,140,183,232,269,262,229,175,124,84,24,30,47,72,112,152,180,177,156,116,72,36,120,135,171,209,254,313,359,348,302,234,176,132,163,132,39,6877,359,24,335,144,254,254,79,400,43,10,29,122,52,52,118,43,16,22,1414,17,26,36,38,9,11,79,76
HM043,750,35.566667,8.666667,Tunisia,44,44,52,48,45,30,13,20,39,37,43,48,56,68,94,128,170,219,258,248,216,161,110,70,10,17,35,61,100,140,171,164,144,104,59,24,102,119,154,196,241,298,346,332,288,219,161,117,150,129,38,6957,346,10,336,130,241,241,64,463,52,13,29,145,63,63,136,43,16,21,1403,16,24,38,39,14,14,76,69
HM310,0,35.854011,9.152093,Tunisia,63,59,59,53,43,28,12,19,43,43,51,63,50,54,86,116,161,207,247,242,207,157,104,66,4,2,28,51,91,129,159,157,135,99,52,19,96,106,145,182,232,286,336,327,279,215,157,113,141,129,38,6916,336,2,334,56,232,232,56,534,63,12,36,185,59,59,185,44,16,22,1398,17,26,35,39,15,14,77,65
HM024,0,35.572298,8.670788,Tunisia,42,42,50,46,43,29,13,19,38,36,41,46,58,70,97,131,173,221,261,250,218,163,112,73,12,19,37,63,102,142,174,166,146,106,61,26,105,121,157,199,244,301,349,335,290,221,164,120,152,129,38,6957,349,12,337,133,244,244,66,447,50,13,29,140,61,61,130,43,16,21,1403,16,24,38,39,14,14,76,69
HM212,20,36.13525,10.38087,Tunisia,51,64,45,34,17,14,3,9,33,46,37,73,110,112,132,156,192,230,262,264,246,203,155,119,63,62,81,103,135,172,196,201,190,151,104,72,157,163,183,209,249,289,329,327,303,255,207,167,182,109,40,5625,329,62,267,113,251,257,113,427,73,3,58,188,26,45,188,43,15,21,1446,16,30,30,41,5,14,81,68
HM103,50,36.95,10.216667,Tunisia,64,57,44,35,23,10,3,7,29,54,52,62,107,116,130,155,186,230,258,262,242,202,156,118,67,72,83,103,133,172,196,204,191,153,111,77,148,160,178,208,239,288,320,320,293,252,202,159,180,100,39,5526,320,67,253,113,250,254,113,440,64,3,57,183,20,39,183,44,14,24,1406,27,32,31,38,6,20,78,66
HM273,50,33.215616,10.914762,Tunisia,26,18,22,12,6,1,0,1,11,25,26,20,110,123,155,188,223,260,285,285,270,225,167,122,63,73,101,133,161,197,212,217,207,172,116,73,157,173,209,244,285,323,359,353,333,279,219,171,201,115,38,6280,359,63,296,145,276,279,118,168,26,0,66,72,2,12,64,39,14,12,1519,15,15,13,73,2,4,81,71
HM192,150,36.216667,10.283333,Tunisia,58,62,51,37,21,15,5,11,36,49,42,69,98,103,125,152,188,229,263,264,240,194,146,109,51,52,72,96,127,166,191,196,179,141,94,62,146,155,178,208,250,293,335,332,301,248,199,157,176,115,40,5963,335,51,284,103,252,255,103,456,69,5,52,189,31,52,189,44,16,21,1408,17,28,30,43,12,13,79,70
HM106,600,35.833333,9.2,Tunisia,56,53,52,47,40,26,11,18,41,40,45,55,56,60,92,123,168,215,254,248,213,164,110,72,9,7,33,57,97,136,165,163,140,105,57,25,103,114,152,189,240,294,343,333,286,223,164,120,148,131,38,6940,343,7,336,62,239,239,62,484,56,11,34,164,55,55,164,44,16,22,1404,17,27,35,38,10,14,78,69
HM025,0,36.558469,8.755052,Tunisia,77,62,56,48,37,18,4,9,36,59,61,78,99,106,127,151,189,242,272,277,247,196,147,110,52,54,68,87,124,163,184,193,172,135,94,63,147,158,186,216,255,321,361,362,323,257,200,157,180,130,41,6345,362,52,310,105,263,265,105,547,78,4,52,217,31,49,217,44,14,24,1429,22,30,36,34,10,16,75,60
HM020,0,36.243624,8.902544,Tunisia,67,60,55,50,40,25,8,13,39,50,53,66,78,86,112,141,182,232,268,268,231,181,130,91,30,32,51,75,112,151,176,180,155,120,77,43,127,140,173,208,253,314,361,356,308,243,184,140,167,134,40,6744,361,30,331,85,255,255,85,525,67,8,42,194,46,46,194,44,15,24,1417,21,30,37,33,15,15,75,57
HM023,0,34.863935,9.151757,Tunisia,21,20,24,21,19,12,4,9,25,24,20,22,82,98,124,159,202,245,282,276,242,193,138,92,31,39,61,90,129,168,196,193,171,131,82,41,134,157,187,228,276,322,368,360,313,255,195,144,178,134,39,6933,368,31,337,190,267,267,90,220,25,4,33,68,25,25,63,40,16,17,1513,11,21,31,49,6,7,81,72
HM022,12,36.224808,10.437518,Tunisia,55,64,45,34,18,13,3,8,32,46,38,71,110,113,131,157,191,229,262,263,246,203,155,120,64,64,81,105,135,172,197,202,190,152,105,74,156,162,182,209,247,287,327,325,302,254,206,166,182,107,40,5606,327,64,263,114,251,257,114,427,71,3,58,190,24,43,190,43,15,22,1435,17,31,32,38,6,20,81,70
HM241,20,36.13525,10.38087,Tunisia,51,64,45,34,17,14,3,9,33,46,37,73,110,112,132,156,192,230,262,264,246,203,155,119,63,62,81,103,135,172,196,201,190,151,104,72,157,163,183,209,249,289,329,327,303,255,207,167,182,109,40,5625,329,62,267,113,251,257,113,427,73,3,58,188,26,45,188,43,15,21,1446,16,30,30,41,5,14,81,68
HM194,250,36.35,9.616667,Tunisia,61,55,49,39,28,17,6,11,36,46,44,57,89,97,122,151,191,239,267,266,236,191,141,102,42,43,65,90,122,167,186,188,168,132,86,54,136,151,179,213,260,311,349,344,304,250,196,150,174,125,40,6352,349,42,307,96,257,257,96,449,61,6,46,173,34,34,173,44,16,22,1409,18,29,36,36,9,13,78,70
HM159,10,43.146881,2.985033,France,54,51,55,53,52,36,21,39,57,84,57,64,72,81,112,136,169,208,234,230,204,156,112,82,31,36,65,87,120,155,177,176,155,111,71,45,113,126,159,186,219,261,291,285,253,202,154,119,150,95,36,5677,291,31,260,116,224,224,78,623,84,21,28,205,96,96,169,46,18,22,1300,19,20,41,39,10,21,73,63
HM182,90,43.136223,2.892065,France,56,53,57,57,57,40,24,42,59,84,59,68,66,75,105,130,163,201,227,224,198,151,106,75,26,31,59,81,114,148,171,170,149,106,66,39,106,119,152,180,213,255,284,279,247,196,147,112,143,94,36,5679,284,26,258,110,217,217,71,654,84,24,26,211,105,105,177,49,17,25,1233,21,28,38,35,15,44,69,52
HM127,60,42.756332,9.450833,France,64,84,74,59,44,32,13,35,55,102,95,89,84,86,100,123,158,194,224,224,201,164,123,94,47,50,64,86,118,151,177,178,158,126,90,59,120,124,137,161,197,239,270,272,245,201,157,130,148,79,34,5106,272,47,225,127,214,216,88,746,102,13,42,286,80,102,238,49,18,23,1200,22,22,34,45,18,50,63,55
HM253,0,42.08306,9.5,France,55,62,57,44,34,20,8,22,44,79,79,75,93,96,110,132,165,202,228,231,209,172,134,105,63,65,78,99,130,164,189,191,172,139,104,75,124,128,143,166,200,240,268,271,246,205,164,135,156,68,32,4951,271,63,208,137,220,222,98,579,79,8,47,233,50,74,192,46,17,22,1310,19,21,36,43,9,24,70,61
HM257,0,39.684725,39.896792,Turkey,62,64,78,103,100,55,17,13,18,55,69,76,-87,-75,-39,21,69,108,150,152,115,55,-6,-61,-136,-121,-84,-29,10,40,74,73,36,-8,-54,-104,-38,-29,6,72,129,177,227,231,194,119,43,-17,34,118,32,8341,231,-136,367,17,138,138,-74,710,103,13,48,281,48,48,202,51,18,26,1136,24,21,41,38,18,99,59,53
HM153,20,39.133333,9.533333,Italy,58,59,50,43,31,15,7,13,41,58,62,75,74,76,89,109,149,191,225,229,199,156,114,87,48,46,56,73,108,146,175,181,157,122,83,60,101,106,123,146,191,236,275,277,242,191,146,113,142,75,32,5556,277,46,232,113,215,217,79,512,75,7,49,195,36,62,192,51,18,25,1140,27,24,32,45,19,65,62,48
HM197,70,39.04961,8.572948,Italy,72,73,55,45,28,11,3,7,38,68,86,82,104,107,119,139,174,211,239,245,222,186,144,113,68,70,80,97,128,163,189,196,177,144,105,78,140,144,159,181,220,260,290,294,268,228,183,149,167,85,37,5071,294,68,227,120,231,235,108,568,86,3,60,240,21,48,227,45,16,22,1363,21,25,33,43,10,19,74,61
HM190,410,38.866667,-7.283333,Portugal,87,84,62,61,45,31,6,6,31,74,88,87,85,95,114,135,165,209,241,243,218,172,120,90,47,53,68,84,108,142,164,168,155,122,79,53,123,137,161,187,223,277,319,319,282,222,161,127,157,108,39,5656,319,47,272,98,231,234,90,662,88,6,53,262,43,43,258,44,17,21,1350,16,21,37,42,17,17,66,58
HM306,166,38.483333,-8.983333,Portugal,95,86,64,51,38,19,3,4,22,69,97,97,117,124,139,155,177,205,228,230,219,188,148,123,85,90,100,114,131,156,173,175,169,147,114,92,150,159,178,196,223,254,283,286,269,229,182,154,171,85,42,4057,286,85,201,129,221,225,121,645,97,3,64,289,26,29,278,49,17,24,1215,27,24,32,44,15,37,66,56
HM009,15,38.121498,21.542667,Greece,109,89,66,48,27,12,6,6,32,93,128,133,97,103,117,151,189,229,256,258,231,189,149,112,59,63,73,103,139,175,199,200,177,142,108,75,136,144,162,199,240,284,313,317,286,237,190,150,174,96,37,5759,317,59,258,119,247,248,104,749,133,6,72,370,24,44,331,43,16,22,1388,20,22,37,41,12,21,72,61
HM314,0,38,23.733333,Greece,53,45,46,28,20,9,5,5,13,52,59,69,94,101,115,155,202,246,276,277,238,192,149,112,62,66,77,110,154,196,223,224,189,150,115,80,127,136,153,200,250,297,330,330,288,235,183,144,180,86,32,6522,330,62,268,118,266,266,102,404,69,5,65,181,19,19,167,45,16,23,1382,24,25,34,41,16,15,78,67
HM186,250,37.723331,21.873501,Greece,113,91,70,50,29,13,7,8,30,91,124,141,90,95,110,142,180,220,245,246,221,180,141,107,49,52,64,93,127,162,184,183,162,129,97,67,132,139,157,192,234,279,306,309,280,232,186,147,165,102,39,5604,309,49,260,112,237,237,97,766,141,7,71,377,28,33,344,47,17,24,1281,25,23,38,40,17,25,72,55
HM188,280,37.595833,23.011333,Greece,87,69,63,41,27,14,8,8,21,68,89,107,77,83,99,136,179,223,249,248,215,170,130,94,41,44,57,88,126,163,187,186,158,123,90,59,114,123,142,184,233,283,312,311,273,218,171,130,159,98,36,6169,312,41,271,100,240,240,85,600,107,8,66,283,29,29,264,47,17,24,1306,26,25,39,37,19,21,75,61
HM122,300,37.423832,-4.754667,Spain,84,77,83,57,42,13,2,4,19,69,86,93,92,105,128,154,186,232,266,264,231,180,132,98,49,57,78,99,127,166,193,193,170,128,86,56,136,153,179,209,245,298,339,336,293,233,178,140,172,111,38,6121,339,49,290,107,254,254,98,629,93,2,63,263,19,19,254,44,16,23,1404,21,30,39,32,14,14,79,64
HM125,40,37.283669,-7.121667,Spain,64,53,56,38,27,11,1,1,20,59,74,71,109,120,139,158,199,217,243,248,227,190,147,117,75,85,101,114,160,171,196,201,182,147,106,83,144,156,177,203,238,264,291,296,273,234,189,152,176,83,37,4851,296,75,221,124,236,239,115,476,74,1,64,209,13,22,188,42,16,19,1427,18,20,28,53,7,18,71,59
HM151,700,37.133333,14.916667,Italy,72,45,50,32,20,9,6,15,36,97,67,68,70,74,87,111,154,196,226,228,201,158,119,87,40,40,51,73,112,151,179,183,160,123,86,57,101,108,123,149,196,242,273,274,242,193,153,117,143,76,32,5671,274,40,234,121,216,218,77,517,97,6,62,232,30,57,167,48,16,26,1274,31,26,40,34,18,26,71,57
HM123,880,36.989166,-4.284667,Spain,83,75,73,60,42,15,5,7,21,57,86,83,68,79,101,122,154,202,237,237,200,151,104,74,22,31,51,68,97,136,163,166,137,99,58,34,113,128,151,175,213,268,311,308,263,204,151,115,144,112,38,5972,311,22,288,82,225,225,73,609,86,5,59,252,27,27,242,46,16,24,1322,22,26,37,38,18,22,72,58
HM169,1000,36.949833,-4.121667,Spain,76,68,65,58,39,14,5,7,20,53,79,76,67,81,102,121,155,203,237,237,200,152,105,75,22,32,53,68,97,137,163,167,137,99,58,34,113,130,152,176,213,269,312,308,264,205,152,116,144,112,38,5962,312,22,290,82,225,225,74,561,79,5,58,232,26,26,221,45,17,22,1330,20,25,34,41,21,19,73,61
HM161,1080,36.508999,5.394333,Algeria,108,66,73,64,58,26,7,16,47,60,91,105,38,46,68,94,129,172,208,211,181,130,81,47,0,2,20,38,71,107,136,141,121,79,38,7,76,90,116,151,188,237,281,281,242,182,124,87,117,108,38,6121,281,0,282,55,197,200,43,720,108,7,51,303,50,71,278,49,16,26,1249,25,31,38,32,23,32,68,55
HM172,200,36.428833,-5.7025,Spain,106,103,104,64,33,12,1,3,19,75,120,131,114,121,139,155,180,210,234,239,221,186,145,119,77,82,101,117,140,169,192,199,182,148,107,83,151,160,177,194,220,250,277,280,260,224,183,155,172,78,38,4411,280,77,204,126,227,231,118,771,131,1,72,356,16,23,340,46,16,24,1351,23,30,36,36,14,18,74,62
HM21,12,36.224808,10.437518,Tunisia,55,64,45,34,18,13,3,8,32,46,38,71,110,113,131,157,191,229,262,263,246,203,155,120,64,64,81,105,135,172,197,202,190,152,105,74,156,162,182,209,247,287,327,325,302,254,206,166,182,107,40,5606,327,64,263,114,251,257,114,427,71,3,58,190,24,43,190,43,15,22,1435,17,31,32,38,6,20,81,70
HM166,800,36.0135,6.566667,Algeria,47,40,45,38,49,31,9,12,30,34,47,38,61,74,97,125,160,206,242,242,214,159,111,73,17,26,43,64,95,138,164,167,148,101,61,28,105,123,151,186,225,274,320,317,280,218,161,118,147,119,39,6390,320,17,303,96,232,232,69,418,49,9,35,132,51,51,124,44,16,21,1403,17,24,35,42,14,15,77,65
HM167,980,35.508999,6.892334,Algeria,34,36,48,34,43,24,10,14,29,31,37,28,55,69,94,123,156,206,232,230,203,153,107,68,7,18,35,57,86,131,149,151,134,93,55,20,104,121,153,190,227,281,316,310,272,213,159,116,141,127,41,6208,316,7,309,124,222,222,64,368,48,10,34,125,48,48,98,43,16,21,1415,17,26,34,40,9,13,78,70
HM051,516,35.220665,0.120833,Italy,62,50,45,36,33,13,1,4,17,34,64,70,85,103,120,144,178,220,262,266,231,184,128,95,47,63,80,102,135,175,213,219,186,144,91,62,123,143,160,187,222,265,311,313,277,225,166,129,168,84,31,6217,313,47,266,102,249,253,94,429,70,1,62,196,18,22,182,43,15,22,1440,20,29,34,38,7,12,78,64
HM160,35,35.115002,24.6875,Greece,169,127,104,40,18,8,3,1,18,95,89,144,122,123,133,166,197,244,258,262,235,203,168,138,93,94,102,130,161,208,225,232,203,171,139,112,151,152,165,202,234,280,291,292,266,236,198,165,187,63,31,5072,292,93,199,127,254,254,125,816,169,1,85,440,12,12,400,48,18,24,1262,26,25,36,39,13,27,77,58
HM114,5,35.035332,25.934834,Greece,117,71,66,28,13,2,1,1,12,60,69,104,124,124,134,165,193,238,254,262,235,207,172,144,97,97,105,133,162,209,228,238,210,177,143,118,152,152,164,198,225,269,280,285,262,237,201,170,188,56,29,4890,285,97,188,130,251,251,127,543,117,1,86,292,4,4,253,48,18,24,1242,25,24,34,42,16,30,74,55
HM277,0,34.85,0.15,Algeria,41,36,36,33,30,16,4,8,20,32,45,38,77,89,109,136,174,221,268,267,225,171,118,83,36,45,64,87,124,169,211,213,172,126,78,48,118,133,155,185,225,274,325,322,279,217,159,118,162,95,32,6717,325,36,289,92,252,253,83,339,45,4,44,124,28,32,115,42,17,19,1428,15,21,33,46,12,10,79,72
HM141,10,34.75,10.716667,Tunisia,23,19,21,20,12,5,1,2,26,35,22,24,113,126,146,166,199,233,258,264,250,217,171,128,67,80,102,119,155,187,212,220,206,174,125,81,160,172,190,214,243,279,304,308,295,261,218,176,189,91,37,5252,308,67,241,212,251,257,122,210,35,1,55,83,8,29,66,42,16,18,1462,10,26,27,48,4,11,81,73
HM195,10,34.75,10.716667,Tunisia,23,19,21,20,12,5,1,2,26,35,22,24,113,126,146,166,199,233,258,264,250,217,171,128,67,80,102,119,155,187,212,220,206,174,125,81,160,172,190,214,243,279,304,308,295,261,218,176,189,91,37,5252,308,67,241,212,251,257,122,210,35,1,55,83,8,29,66,42,16,18,1462,10,26,27,48,4,11,81,73
HM200,470,34.733333,33.166667,Cyprus,100,69,52,21,11,3,1,0,4,29,47,116,109,113,131,160,198,236,256,258,235,211,167,124,64,64,78,101,137,173,193,195,173,152,114,78,155,162,185,219,260,300,319,321,297,270,221,171,183,113,43,5387,321,64,257,115,250,250,115,453,116,0,100,285,4,4,285,44,16,22,1392,23,24,38,38,16,17,79,58
HM149,25,34.7,33.05,Cyprus,97,70,49,21,9,3,1,0,3,27,48,107,116,118,133,161,199,237,255,260,238,211,173,133,70,68,80,102,138,174,192,196,175,152,119,85,163,168,187,220,261,300,319,325,302,270,227,182,186,114,44,5186,325,68,257,122,250,251,122,435,107,0,99,274,4,4,216,43,15,23,1447,24,26,38,36,13,14,81,67
HM251,0,34.67302,32.863809,Cyprus,105,73,52,21,9,2,1,1,3,29,51,110,114,116,131,157,193,230,248,253,233,204,168,131,69,67,79,100,135,171,189,192,172,147,115,84,160,165,183,215,252,290,307,314,294,262,222,179,182,110,44,5000,314,67,247,120,243,244,120,458,110,1,98,288,4,5,250,44,16,22,1382,25,23,34,44,16,20,73,53
HM115,500,34.654285,32.967304,Cyprus,96,72,47,19,7,2,0,0,2,26,50,105,120,121,135,162,197,234,250,257,236,210,174,138,74,71,82,104,139,174,192,196,175,152,120,89,167,171,189,220,255,293,309,318,298,268,228,187,186,111,44,4895,318,71,247,126,246,247,125,426,105,0,102,273,2,2,215,43,15,22,1407,23,25,35,40,7,19,76,52
HM152,486,33.883333,-5.616667,Morocco,76,75,74,63,36,12,2,2,14,51,78,93,99,108,131,153,180,220,256,260,229,191,141,108,45,51,71,90,111,143,169,175,154,124,84,55,153,166,192,217,250,298,343,345,305,258,198,161,173,135,45,5574,345,45,300,116,245,248,105,576,93,2,65,247,16,18,244,44,14,25,1410,28,30,33,37,9,20,73,62
HM275,0,33.67,-5.04,Morocco,69,76,83,81,56,27,7,9,29,71,91,90,38,51,74,105,125,176,223,222,180,129,83,48,-26,-15,8,41,59,102,131,134,100,66,21,-7,103,117,141,169,192,251,316,310,261,192,146,104,121,141,41,6340,316,-26,342,86,207,208,45,688,91,7,51,251,42,45,235,46,17,22,1297,20,23,36,43,21,29,66,55
HM146,10,32.666667,14.25,Libya,57,34,28,10,5,1,0,0,10,41,43,59,131,144,162,187,215,255,268,275,262,232,189,147,82,91,105,129,159,197,210,219,208,177,138,98,180,198,219,246,271,314,326,332,316,287,241,196,206,109,43,5036,332,82,250,155,266,268,140,288,59,0,86,159,1,10,150,45,17,22,1371,19,28,34,37,9,13,81,67
HM140,360,32.483333,20.833333,Libya,101,78,35,14,5,1,0,0,3,27,45,105,104,109,130,160,186,224,237,237,226,203,165,121,63,68,81,105,126,168,193,188,178,152,116,81,145,151,179,216,246,280,281,287,275,254,215,162,175,98,43,4853,287,63,224,111,232,233,111,414,105,0,108,284,1,3,284,44,16,23,1381,24,25,39,36,10,13,80,66
HM148,10,31.25,16.033333,Libya,26,24,11,5,3,0,0,0,6,22,23,34,124,137,162,191,214,244,261,271,262,235,193,144,66,79,102,126,155,184,205,219,210,177,137,89,182,195,223,257,274,305,318,324,314,294,250,200,203,116,44,5025,324,66,258,135,258,264,135,154,34,0,90,84,0,6,84,43,15,21,1440,21,28,27,45,3,5,81,73
